year,dimd,sex,<1,01-04,05-09,10-14,15-19,20-24,25-29,30-34,35-39,40-44,45-49,50-54,55-59,60-64,65-69,70-74,75-79,80-84,85-89,90+     
2001,1,Male,"37,667","157,457","199,783","199,234","179,290","165,475","176,998","196,893","182,196","155,734","136,863","136,797","112,861","107,539","95,721","81,712","63,608","36,975","15,622","5,570"
2001,1,Female,"36,682","150,337","190,891","192,002","180,743","187,181","187,058","202,800","188,460","160,483","135,864","134,046","112,750","110,133","104,201","101,941","93,453","68,657","40,188","21,658"
2001,2,Male,"33,329","140,864","180,138","181,469","166,633","168,369","188,940","209,470","193,185","161,083","135,745","136,224","111,637","101,925","90,977","80,279","63,632","38,406","16,505","5,973"
2001,2,Female,"32,133","134,863","172,573","173,803","163,856","181,700","194,793","210,324","195,424","164,197","137,333","136,931","115,226","107,698","101,897","101,404","94,006","69,460","41,552","22,524"
2001,3,Male,"30,307","126,479","164,525","167,283","157,213","172,301","195,100","211,685","196,303","164,651","141,215","143,954","118,413","104,934","93,566","81,905","65,281","39,374","17,747","6,582"
2001,3,Female,"28,764","121,203","156,353","159,902","153,471","180,472","194,891","207,427","194,888","164,390","141,812","145,181","121,987","110,274","103,922","102,768","95,322","70,619","43,071","23,943"
2001,4,Male,"28,000","117,194","153,690","159,661","152,650","170,206","189,795","207,871","196,919","168,312","147,807","155,590","130,626","112,548","99,171","86,249","68,525","41,819","19,686","7,253"
2001,4,Female,"26,920","112,023","146,150","151,484","147,134","172,726","186,353","202,439","193,953","167,737","149,122","157,934","133,298","115,980","109,258","106,269","98,099","72,766","45,685","25,389"
2001,5,Male,"26,758","112,545","149,061","156,196","148,618","153,505","175,114","197,251","195,002","172,041","153,029","166,356","141,339","119,519","105,838","91,172","71,148","43,875","20,522","7,818"
2001,5,Female,"25,209","106,963","142,446","148,586","140,365","150,951","172,422","195,053","194,236","171,793","156,905","168,907","144,886","124,489","114,902","109,435","100,396","75,338","47,778","26,689"
2001,6,Male,"26,036","110,998","146,788","154,176","145,270","145,189","167,548","193,588","196,792","175,443","158,882","174,782","149,625","123,870","109,277","94,013","72,589","44,432","21,701","8,267"
2001,6,Female,"24,977","105,200","140,072","146,593","136,281","138,670","165,576","191,460","197,140","175,892","161,297","178,609","152,761","127,732","117,590","110,931","99,957","74,132","48,562","27,233"
2001,7,Male,"25,701","109,541","146,540","155,037","150,139","139,617","156,888","185,350","195,607","178,268","164,166","182,484","155,571","126,802","111,527","94,915","72,744","44,303","21,630","8,159"
2001,7,Female,"24,468","103,999","138,959","147,258","139,231","132,475","154,202","186,736","198,540","180,323","167,526","186,961","158,469","130,890","118,770","110,140","98,129","73,220","47,917","26,864"
2001,8,Male,"25,360","108,842","145,927","154,283","148,648","135,283","151,254","182,344","195,220","180,169","165,096","184,790","157,492","126,021","110,074","92,838","70,588","42,606","21,055","7,925"
2001,8,Female,"24,428","103,515","138,429","147,923","137,225","126,698","148,036","184,005","198,718","181,324","168,749","189,902","160,252","129,838","116,573","107,241","94,645","69,808","45,883","25,930"
2001,9,Male,"25,695","112,394","151,636","160,936","155,248","129,130","140,734","176,730","198,509","185,872","170,657","189,352","160,385","126,222","110,889","93,101","70,696","41,905","20,274","7,735"
2001,9,Female,"24,535","106,041","143,867","151,841","142,970","116,977","138,801","180,959","203,883","187,934","174,420","194,493","163,389","130,888","117,184","107,595","93,598","67,496","43,843","24,825"
2001,10,Male,"25,869","115,685","160,907","170,055","154,757","115,253","117,964","158,551","195,811","193,389","179,274","197,829","165,355","126,929","111,320","93,334","69,330","40,921","19,475","7,534"
2001,10,Female,"24,664","110,194","152,053","160,339","145,258","104,406","118,001","169,626","208,186","198,878","183,205","203,701","166,462","131,228","117,439","105,662","88,981","62,844","39,580","22,696"
2002,1,Male,"38,949","152,857","196,792","197,175","185,515","171,845","172,678","193,832","183,995","160,367","138,506","133,884","119,150","104,712","95,024","80,139","61,761","38,874","15,393","5,821"
2002,1,Female,"37,218","146,875","187,353","190,029","182,771","195,043","179,813","199,000","189,458","164,176","138,365","130,685","118,411","107,515","102,698","98,745","89,599","70,835","38,141","21,962"
2002,2,Male,"34,432","137,126","178,216","181,415","171,959","173,097","185,083","205,967","196,727","166,508","137,948","132,950","118,732","100,800","90,766","78,006","62,448","40,464","16,290","6,193"
2002,2,Female,"33,577","131,616","171,195","174,380","167,496","187,792","188,898","207,358","198,328","169,320","140,185","132,995","122,335","106,129","100,363","98,795","90,583","71,895","40,101","22,839"
2002,3,Male,"31,234","122,490","162,479","167,433","162,746","177,292","190,158","208,538","200,190","170,569","142,734","139,705","127,461","103,988","93,193","81,032","63,977","41,813","17,521","6,897"
2002,3,Female,"29,796","117,857","154,415","161,231","156,910","185,600","188,795","205,880","196,822","169,975","143,995","141,150","129,899","109,355","103,299","100,717","91,814","73,677","42,471","24,106"
2002,4,Male,"28,148","114,173","151,973","160,893","156,946","174,164","184,693","205,315","200,290","173,924","149,271","149,661","140,294","112,295","99,854","86,336","67,535","43,879","19,197","7,533"
2002,4,Female,"26,724","109,491","144,203","153,157","149,649","177,186","180,049","201,540","196,886","172,364","151,202","151,834","143,179","116,413","108,548","105,065","95,361","75,731","44,622","26,388"
2002,5,Male,"26,399","109,797","147,912","157,146","151,971","157,087","169,958","194,235","197,968","177,540","154,361","159,074","153,181","119,626","106,562","91,838","70,772","46,640","20,606","8,183"
2002,5,Female,"25,031","104,592","140,467","150,068","142,964","154,709","166,107","193,221","196,636","176,986","158,979","162,327","156,645","125,054","115,271","108,822","98,479","78,664","46,669","27,008"
2002,6,Male,"25,950","108,816","146,010","155,088","148,296","147,465","162,542","190,134","199,673","181,178","160,582","166,220","161,410","124,586","110,914","95,128","72,626","46,925","21,329","8,471"
2002,6,Female,"24,798","103,678","139,717","148,468","138,560","141,257","159,723","189,639","199,476","181,174","163,412","170,793","165,605","128,647","118,166","110,749","97,870","77,526","47,435","28,303"
2002,7,Male,"25,309","107,534","145,538","156,392","152,097","141,786","150,811","182,894","198,230","183,301","165,533","173,167","169,068","127,881","112,648","96,228","72,839","47,178","21,405","8,772"
2002,7,Female,"24,178","102,668","138,088","148,691","141,074","135,218","147,869","184,586","200,332","185,354","168,887","178,531","172,467","132,555","120,335","111,145","96,529","77,303","46,729","27,845"
2002,8,Male,"25,152","108,143","145,505","156,012","150,390","136,300","145,422","179,724","197,163","185,113","165,717","174,858","170,947","127,056","112,185","94,298","70,968","45,075","20,824","8,362"
2002,8,Female,"23,694","103,101","138,037","148,715","139,428","128,645","142,113","181,922","201,300","186,094","169,771","180,417","175,322","131,449","118,821","108,730","93,857","73,340","44,827","26,453"
2002,9,Male,"25,276","111,293","151,840","163,113","157,451","130,022","136,044","173,587","199,989","191,319","171,376","178,803","175,028","127,593","112,943","95,558","71,912","45,119","19,782","8,208"
2002,9,Female,"24,261","105,715","143,703","154,342","144,243","118,566","133,581","179,319","206,066","193,055","174,817","184,765","178,773","132,209","119,309","108,929","93,430","71,496","42,854","25,893"
2002,10,Male,"25,226","114,896","160,837","171,809","156,518","117,074","113,666","155,289","196,026","197,735","179,876","186,478","180,239","127,713","113,153","95,077","71,142","43,708","19,622","8,175"
2002,10,Female,"23,720","109,731","152,059","162,427","147,015","105,351","112,900","166,093","209,111","204,077","184,084","192,585","182,824","132,271","119,980","107,261","89,333","66,306","38,551","23,160"
2003,1,Male,"39,971","151,342","193,377","193,906","188,759","179,411","171,695","191,083","185,468","164,592","141,219","131,844","123,899","103,240","95,144","78,898","60,499","40,224","14,733","5,918"
2003,1,Female,"38,590","145,381","184,348","186,294","186,698","202,482","178,155","195,883","189,718","168,448","142,356","128,636","122,088","105,859","102,317","95,929","86,749","72,276","35,810","22,085"
2003,2,Male,"36,061","135,463","176,813","179,899","175,717","178,824","182,484","201,934","198,761","170,524","141,855","130,514","123,269","100,511","90,769","77,081","60,606","42,311","15,594","6,458"
2003,2,Female,"33,877","130,210","168,745","173,392","171,438","193,345","187,109","203,065","198,499","174,309","144,063","130,195","125,697","106,029","99,887","96,534","88,071","74,069","37,640","23,086"
2003,3,Male,"32,130","120,902","159,969","166,740","166,840","182,799","186,597","204,758","201,512","175,190","146,330","136,964","132,094","103,760","94,137","80,184","63,175","43,656","16,870","7,118"
2003,3,Female,"30,185","116,309","152,351","160,709","161,570","189,416","186,061","201,633","196,972","174,741","147,064","137,709","134,905","109,360","103,543","99,160","89,852","75,718","39,885","24,618"
2003,4,Male,"28,988","112,343","150,121","160,906","160,486","178,539","180,921","202,847","201,450","178,038","152,392","146,174","145,791","113,787","101,128","86,235","66,821","45,773","18,641","7,809"
2003,4,Female,"27,699","107,651","143,132","152,512","154,863","181,940","176,542","198,235","197,295","177,465","153,952","147,598","148,695","118,487","109,018","103,755","93,427","78,588","42,003","26,816"
2003,5,Male,"27,484","108,003","146,860","157,247","154,583","160,542","165,705","190,959","198,471","182,485","157,990","154,103","159,160","122,086","108,664","91,651","71,296","48,502","19,805","8,630"
2003,5,Female,"25,841","102,738","139,197","150,231","147,102","158,278","162,170","189,680","196,361","182,040","161,531","157,484","163,106","127,586","117,058","108,860","96,402","82,046","44,361","27,646"
2003,6,Male,"27,052","106,835","145,389","154,849","151,112","149,927","158,483","187,335","199,577","185,491","164,349","160,229","168,358","127,766","112,863","95,646","73,455","49,424","20,769","8,953"
2003,6,Female,"25,422","101,693","139,171","148,420","142,426","143,103","155,663","186,555","199,150","185,457","166,127","164,780","173,173","132,877","119,868","110,991","97,185","81,184","44,702","28,828"
2003,7,Male,"25,862","106,221","145,716","156,450","154,734","143,973","146,576","179,340","198,642","187,779","168,122","167,317","176,188","131,434","115,221","97,352","73,977","49,771","20,605","9,045"
2003,7,Female,"24,901","101,022","138,270","148,236","144,908","137,906","144,023","181,449","200,405","189,863","171,253","172,377","179,917","136,929","122,000","111,191","95,608","81,053","44,395","28,573"
2003,8,Male,"25,982","107,066","145,908","156,621","152,946","138,539","141,348","176,013","197,523","189,137","168,617","168,371","178,422","131,581","114,058","95,689","72,077","48,217","19,953","8,807"
2003,8,Female,"24,730","101,140","138,667","149,597","143,892","130,698","138,733","179,415","200,861","190,995","171,939","173,503","183,438","135,876","121,693","109,333","93,392","76,944","42,415","27,465"
2003,9,Male,"26,490","110,268","152,805","163,729","160,850","131,911","132,056","170,873","200,424","195,083","174,601","172,237","182,529","131,603","114,945","96,596","72,799","47,840","19,057","8,761"
2003,9,Female,"24,824","104,692","144,898","155,172","147,798","119,849","130,279","176,906","205,098","197,880","178,167","177,346","187,184","136,694","122,280","109,901","93,092","75,886","40,711","26,352"
2003,10,Male,"25,805","113,717","161,225","172,360","158,382","117,347","110,175","152,060","194,326","201,298","183,346","178,042","188,122","131,843","114,956","96,591","72,653","47,359","19,115","8,653"
2003,10,Female,"24,004","108,316","153,839","163,228","150,568","106,513","109,593","162,628","206,838","208,404","186,169","184,775","191,633","136,729","122,918","108,407","89,937","71,015","37,001","23,994"
2004,1,Male,"41,721","152,828","191,346","192,203","188,842","188,618","173,863","187,086","185,251","167,985","144,589","131,056","126,722","102,077","95,124","77,351","59,191","40,207","14,887","6,210"
2004,1,Female,"39,853","146,050","182,812","183,623","188,110","208,458","180,621","189,384","189,956","172,700","144,971","128,332","124,472","104,054","102,132","93,403","83,854","71,451","34,732","22,100"
2004,2,Male,"36,653","135,979","174,814","178,428","176,363","186,555","183,090","197,385","198,208","174,738","145,984","129,815","126,311","100,000","91,242","75,919","59,930","42,182","15,905","6,726"
2004,2,Female,"35,286","129,812","166,744","171,240","174,056","197,749","189,877","197,063","198,725","178,781","147,650","129,846","128,162","105,595","100,044","93,876","85,778","73,882","37,031","23,480"
2004,3,Male,"33,265","121,111","157,557","166,075","167,843","191,298","188,538","200,625","200,930","179,309","150,297","135,809","134,960","105,129","94,580","79,429","62,643","44,625","16,882","7,328"
2004,3,Female,"31,412","115,507","151,074","159,600","164,845","194,568","189,598","196,433","197,399","179,321","150,210","137,028","137,556","110,333","104,334","96,674","88,343","76,255","39,012","25,187"
2004,4,Male,"30,622","111,634","148,679","160,070","161,994","185,184","180,562","199,317","200,196","182,499","155,792","144,502","148,507","116,535","102,285","85,300","67,229","46,781","18,830","8,210"
2004,4,Female,"29,445","106,582","141,579","151,518","157,738","186,786","178,832","192,641","197,214","181,617","157,116","146,316","151,927","120,882","110,016","102,004","92,051","79,556","41,113","26,779"
2004,5,Male,"28,865","107,253","145,716","156,834","156,040","165,740","165,649","186,740","197,227","186,405","161,765","151,340","162,528","126,039","110,056","92,107","71,632","49,721","20,116","8,990"
2004,5,Female,"26,971","101,356","138,400","149,697","149,798","161,657","163,153","185,295","196,537","186,316","164,196","156,082","165,689","130,951","118,345","107,801","95,718","83,176","43,353","28,686"
2004,6,Male,"27,728","106,272","145,000","154,793","152,615","153,852","157,426","182,614","198,428","189,471","167,871","157,605","171,613","132,422","115,138","95,621","74,239","51,087","20,859","9,344"
2004,6,Female,"26,510","100,653","138,371","148,010","146,714","145,701","156,778","181,867","198,415","190,879","169,294","162,351","176,460","137,814","122,117","110,136","96,775","82,714","43,963","29,111"
2004,7,Male,"26,978","105,156","144,592","156,550","156,747","147,975","144,998","175,134","196,785","191,492","171,600","163,808","178,746","136,389","117,370","97,860","74,847","51,443","20,777","9,377"
2004,7,Female,"25,487","100,134","137,415","147,961","148,388","139,667","143,711","176,566","199,074","195,481","173,704","168,774","182,952","142,332","124,835","111,384","95,294","82,747","43,745","28,838"
2004,8,Male,"27,339","106,264","145,613","157,138","154,863","140,915","140,588","171,158","196,416","193,526","172,211","164,386","181,105","136,858","116,473","96,738","73,399","49,802","20,220","9,439"
2004,8,Female,"25,538","100,474","138,429","149,099","146,844","132,474","138,507","174,180","200,245","196,414","174,663","169,836","186,753","141,699","124,286","109,435","94,572","78,788","41,915","28,053"
2004,9,Male,"26,847","109,227","152,644","163,642","162,848","134,321","130,883","165,408","198,151","199,535","178,095","168,694","184,236","138,190","117,353","97,249","74,877","49,828","19,841","9,384"
2004,9,Female,"25,467","103,496","144,499","155,408","151,064","120,786","128,806","171,867","204,163","203,152","180,789","173,602","190,128","143,174","125,018","109,897","93,941","78,326","40,096","26,879"
2004,10,Male,"26,329","112,666","160,929","173,571","159,884","117,985","108,910","147,034","191,317","204,409","186,157","174,390","189,475","137,787","116,902","98,061","74,577","49,437","19,309","8,971"
2004,10,Female,"24,771","106,449","153,653","163,774","152,976","106,315","108,939","157,822","203,671","214,154","189,079","179,792","193,811","143,264","125,722","109,130","91,538","73,735","36,643","24,621"
2005,1,Male,"42,982","155,373","189,651","190,727","186,937","195,984","182,162","184,823","186,793","172,106","148,878","131,258","129,476","101,840","94,190","76,601","58,721","38,985","16,140","6,382"
2005,1,Female,"41,379","148,960","181,237","181,700","187,609","216,175","191,178","185,940","189,589","176,525","149,585","128,848","126,355","102,988","100,855","90,933","82,184","68,380","36,516","22,303"
2005,2,Male,"38,196","137,848","172,395","177,294","175,821","192,499","189,997","195,058","198,582","179,880","150,858","130,014","128,599","100,573","91,189","74,839","59,549","41,291","17,642","7,028"
2005,2,Female,"36,703","131,931","165,063","169,555","175,614","203,365","198,855","194,902","197,969","183,517","152,706","129,999","130,091","105,873","99,438","91,547","84,168","70,911","39,143","23,718"
2005,3,Male,"34,270","123,539","155,296","164,596","168,052","197,904","195,465","198,112","200,988","183,574","155,043","135,859","137,273","107,111","94,511","79,064","62,299","43,797","18,475","7,582"
2005,3,Female,"32,511","117,148","149,175","158,080","167,077","200,922","197,757","194,720","195,961","183,906","154,556","137,030","139,404","111,455","104,036","95,072","87,039","73,494","41,394","25,504"
2005,4,Male,"31,291","112,714","146,714","158,387","163,338","191,935","186,550","197,443","200,049","188,289","160,284","143,941","150,870","119,390","102,906","85,196","67,598","46,229","20,396","8,427"
2005,4,Female,"29,823","108,486","139,804","150,630","160,500","193,639","185,888","190,743","195,293","186,662","161,373","145,395","154,028","123,514","110,638","100,302","91,213","77,161","43,413","27,050"
2005,5,Male,"29,155","108,341","144,273","155,320","157,429","170,118","171,365","183,371","196,243","191,659","166,690","150,427","163,759","130,667","111,060","92,708","72,241","49,611","21,905","9,378"
2005,5,Female,"27,506","102,561","136,923","147,921","152,922","166,416","168,981","182,485","194,450","191,034","168,434","154,892","166,919","135,265","119,629","107,254","95,468","80,810","46,149","29,179"
2005,6,Male,"28,126","107,222","143,620","153,593","153,879","157,614","161,243","179,756","197,125","194,600","171,876","157,516","172,775","137,368","116,375","96,619","75,347","50,787","22,809","9,691"
2005,6,Female,"26,848","101,482","137,045","147,150","149,306","149,954","162,285","178,773","197,259","195,425","173,241","160,940","177,407","143,300","123,148","110,307","96,761","81,167","46,462","29,535"
2005,7,Male,"26,685","105,094","143,745","155,690","158,127","151,469","147,513","170,573","194,377","196,621","175,530","162,470","179,719","142,528","118,571","99,185","76,377","51,261","22,683","9,787"
2005,7,Female,"25,844","100,508","136,367","147,161","151,238","143,410","146,899","172,661","196,590","199,884","178,120","167,033","184,298","147,504","126,408","111,466","96,697","80,961","46,351","29,324"
2005,8,Male,"26,823","107,048","144,768","156,524","156,569","141,981","142,089","166,802","194,618","198,102","176,529","162,903","181,709","142,690","118,454","97,879","75,204","50,118","22,266","9,868"
2005,8,Female,"25,488","100,956","137,659","147,889","150,141","135,164","140,771","170,189","197,428","202,075","178,385","167,105","187,828","148,206","126,115","109,266","95,961","78,126","44,253","28,538"
2005,9,Male,"26,983","108,974","151,427","163,355","163,577","136,132","131,613","159,905","195,386","204,211","182,221","167,072","184,504","144,447","118,697","98,480","77,116","50,480","21,814","9,868"
2005,9,Female,"25,436","103,497","143,245","154,999","153,623","122,693","129,086","167,278","200,763","208,547","184,274","171,353","191,016","150,031","126,975","110,592","95,524","77,131","42,674","27,401"
2005,10,Male,"26,044","112,669","159,903","173,161","161,220","118,900","109,347","141,912","186,831","208,420","189,895","172,770","189,252","145,128","117,888","100,000","77,032","50,366","21,591","9,524"
2005,10,Female,"24,683","106,860","152,415","163,281","155,310","107,453","109,218","152,773","198,702","218,800","192,797","176,982","194,842","149,886","127,428","110,326","93,748","73,845","39,177","25,364"
2006,1,Male,"44,179","159,435","187,193","189,628","187,276","199,578","189,468","181,992","187,243","174,681","153,254","132,566","130,782","102,888","92,006","75,626","58,009","38,289","17,474","6,342"
2006,1,Female,"42,523","152,905","179,215","180,888","185,521","220,716","200,193","181,985","189,238","178,577","153,716","130,934","127,295","103,873","97,908","89,058","80,443","65,484","38,610","21,824"
2006,2,Male,"39,473","141,341","169,045","174,998","178,834","196,582","197,127","191,545","197,777","182,606","155,947","131,425","129,894","102,607","89,496","74,200","59,283","40,650","19,336","7,157"
2006,2,Female,"37,759","135,102","162,546","168,070","176,541","208,999","207,315","191,523","197,025","186,557","157,301","131,935","130,757","107,745","97,079","89,490","82,761","68,365","41,911","23,575"
2006,3,Male,"35,325","127,085","152,777","162,189","172,014","202,099","204,117","194,926","200,683","186,881","159,601","136,970","138,520","110,475","92,769","79,051","62,713","43,515","20,120","7,670"
2006,3,Female,"34,108","120,181","147,001","155,712","169,390","206,954","205,847","191,947","196,100","186,977","159,410","138,366","140,554","114,512","101,864","93,436","86,230","71,323","44,166","25,478"
2006,4,Male,"32,331","115,522","144,168","155,421","167,393","194,874","192,935","193,067","198,943","191,777","165,212","144,960","151,650","123,949","102,658","85,401","68,188","45,838","22,207","8,545"
2006,4,Female,"31,034","111,024","137,777","148,578","162,205","198,434","192,095","187,437","194,283","189,413","165,800","146,668","154,524","127,935","109,843","99,138","90,926","74,786","46,370","26,933"
2006,5,Male,"29,733","110,031","141,601","152,973","160,899","172,764","176,526","178,707","194,703","194,114","171,769","151,040","164,031","136,126","110,457","93,485","73,130","49,599","24,003","9,493"
2006,5,Female,"28,258","104,602","134,524","146,000","154,671","170,457","174,312","177,515","194,018","193,950","172,425","155,783","167,517","141,106","118,106","106,855","95,453","78,479","49,453","29,233"
2006,6,Male,"28,898","108,497","141,242","151,791","157,136","158,895","166,209","174,683","195,282","197,220","177,552","157,556","172,814","144,248","115,914","97,634","76,720","50,943","25,367","9,950"
2006,6,Female,"27,821","103,106","134,979","145,498","150,423","152,863","166,252","173,482","195,645","199,154","177,684","161,763","177,608","150,332","122,215","110,298","97,562","79,128","49,890","29,754"
2006,7,Male,"27,373","105,978","141,417","153,510","161,313","152,542","151,779","164,408","191,876","199,190","180,310","162,513","178,777","150,277","117,712","100,520","78,188","51,825","24,779","9,910"
2006,7,Female,"26,322","101,367","134,385","145,505","152,785","146,202","149,444","167,244","194,887","202,668","182,648","167,016","184,209","155,449","126,016","111,218","97,570","78,863","50,144","29,528"
2006,8,Male,"27,615","108,038","143,182","155,044","159,961","142,886","144,633","160,509","192,557","200,845","182,362","162,819","180,534","150,751","117,769","99,285","77,493","50,360","24,535","10,047"
2006,8,Female,"25,915","101,883","136,471","146,509","152,018","137,033","142,867","164,847","196,260","205,653","183,090","166,832","187,404","156,266","125,511","110,250","96,932","76,587","47,551","28,645"
2006,9,Male,"27,394","109,909","149,143","161,974","166,986","138,271","133,173","153,014","192,996","206,308","187,204","167,208","183,575","152,822","118,066","100,135","79,030","51,577","23,999","10,002"
2006,9,Female,"25,698","104,192","141,190","153,770","155,501","125,277","130,124","160,350","199,339","211,340","190,053","171,062","190,677","158,430","126,385","110,946","97,163","76,443","46,294","27,661"
2006,10,Male,"26,071","112,838","158,179","171,896","163,606","120,341","110,304","135,269","184,105","209,225","194,500","173,063","187,362","153,962","117,051","101,361","79,614","51,505","23,924","9,800"
2006,10,Female,"24,975","107,274","151,068","162,021","156,556","109,580","109,805","146,421","196,425","220,693","198,040","176,553","193,830","158,550","126,218","111,823","95,793","73,523","42,634","25,630"
2007,1,Male,"45,770","164,280","184,158","189,198","187,275","202,201","196,998","178,293","186,148","176,748","156,729","134,484","127,359","108,867","89,752","75,602","57,741","37,955","18,404","6,336"
2007,1,Female,"43,421","157,327","176,001","180,503","184,248","223,253","210,332","177,007","187,217","179,966","157,642","133,494","123,523","109,282","95,394","87,899","78,739","63,164","40,087","21,372"
2007,2,Male,"40,911","146,192","166,461","174,271","180,563","201,977","206,468","188,174","195,958","185,788","159,728","133,974","125,798","109,485","88,136","74,299","58,899","40,007","20,612","7,102"
2007,2,Female,"38,971","139,338","160,503","166,632","178,497","213,670","216,730","187,692","195,223","189,102","162,175","134,683","126,363","113,988","95,848","88,042","81,339","66,355","43,877","23,107"
2007,3,Male,"37,078","131,257","150,455","160,979","175,040","208,288","214,172","191,602","198,744","189,504","164,141","139,176","133,376","118,646","92,187","79,638","62,691","43,267","21,608","7,749"
2007,3,Female,"35,237","124,848","144,259","153,789","171,928","211,149","215,792","187,782","194,887","189,239","164,428","140,698","136,248","122,478","100,433","92,778","85,269","69,402","46,311","25,251"
2007,4,Male,"33,525","119,627","141,309","153,769","170,555","199,851","200,873","188,953","197,964","193,978","169,486","147,135","145,271","133,465","102,665","86,202","68,750","46,190","23,736","8,726"
2007,4,Female,"32,177","114,719","135,297","146,860","165,259","201,582","200,362","181,768","193,366","191,722","170,518","149,193","148,825","137,492","110,156","98,699","90,302","73,069","48,985","26,839"
2007,5,Male,"30,426","113,086","138,100","151,997","163,667","176,815","182,651","174,300","192,518","195,921","175,933","153,165","156,255","146,847","111,231","94,398","74,321","49,910","25,870","9,605"
2007,5,Female,"29,023","107,183","131,955","144,881","156,713","173,870","180,273","171,500","192,023","195,828","177,488","157,438","160,439","152,707","118,664","107,125","95,653","77,103","51,910","29,018"
2007,6,Male,"29,903","111,482","138,780","151,826","158,663","162,799","171,105","169,739","193,774","199,619","181,414","160,207","163,945","156,205","117,155","99,308","78,135","51,523","27,135","10,116"
2007,6,Female,"28,471","106,333","132,428","145,301","151,909","155,381","171,174","168,462","193,742","201,441","182,798","164,317","169,559","163,326","123,478","110,816","98,078","78,302","52,504","29,730"
2007,7,Male,"28,390","108,373","138,757","152,698","164,098","155,439","155,506","158,808","189,376","201,220","184,191","164,892","168,986","163,141","119,174","101,993","80,083","52,616","26,813","10,054"
2007,7,Female,"26,807","104,018","132,072","145,214","154,897","148,409","153,414","161,238","193,076","205,483","188,061","168,293","175,358","168,917","127,371","113,009","98,262","77,754","53,071","29,651"
2007,8,Male,"28,466","110,809","141,329","154,475","163,122","146,091","148,381","155,041","190,831","202,499","186,585","164,746","170,298","164,103","119,290","101,612","79,411","51,464","26,535","10,246"
2007,8,Female,"27,016","104,646","134,392","146,471","153,802","138,976","146,416","158,830","194,393","208,449","188,460","168,665","177,330","170,965","127,073","112,115","98,110","76,495","50,584","28,847"
2007,9,Male,"27,929","112,567","146,720","161,152","169,048","140,679","134,872","147,149","190,080","207,403","191,342","169,028","172,907","166,987","119,195","102,558","81,170","52,931","25,999","10,145"
2007,9,Female,"26,420","106,618","139,422","153,100","158,180","126,738","131,605","153,662","197,233","213,198","195,230","172,172","180,547","173,964","127,871","113,063","98,326","76,419","49,237","27,806"
2007,10,Male,"26,980","114,713","156,134","171,835","166,832","121,600","111,552","129,620","181,998","208,980","198,231","174,980","175,719","168,319","118,150","103,275","81,838","53,121","26,206","10,069"
2007,10,Female,"25,682","109,001","148,965","162,517","158,270","110,348","110,442","140,001","193,740","221,937","203,437","177,449","182,977","174,730","127,198","113,815","97,560","73,943","45,775","25,806"
2008,1,Male,"47,295","168,951","183,413","187,454","186,873","201,881","204,958","178,765","184,154","178,739","160,530","137,746","125,718","113,464","88,953","75,991","57,409","37,575","19,012","6,069"
2008,1,Female,"45,002","161,869","174,091","178,141","183,254","225,281","218,384","176,781","184,739","179,727","161,816","136,880","121,598","112,548","94,156","87,551","76,976","61,474","40,992","20,217"
2008,2,Male,"42,366","151,099","167,056","172,764","181,126","203,494","216,890","189,149","193,715","187,200","164,373","137,933","123,753","114,188","88,225","75,378","58,707","39,679","21,398","6,888"
2008,2,Female,"41,039","144,613","159,297","165,178","178,854","217,780","225,961","188,736","193,436","189,252","167,436","138,673","124,188","117,850","95,789","87,950","79,715","64,715","45,201","22,189"
2008,3,Male,"39,236","136,863","150,121","159,774","175,608","210,776","225,904","194,049","197,065","191,566","168,852","143,107","131,140","123,795","93,031","80,688","62,421","43,225","22,924","7,631"
2008,3,Female,"37,073","129,842","143,229","152,307","173,095","216,343","225,091","188,931","192,705","189,515","169,502","144,481","133,179","127,623","100,940","93,352","84,244","67,940","48,254","24,273"
2008,4,Male,"35,495","124,604","140,591","152,540","172,403","202,051","209,678","189,190","196,246","194,817","174,554","150,786","141,997","139,001","104,678","88,083","69,283","46,367","25,332","8,572"
2008,4,Female,"33,711","119,613","133,529","145,652","166,708","206,657","207,795","181,609","191,475","192,012","175,471","152,698","144,670","143,957","112,084","99,589","89,778","71,910","51,057","25,921"
2008,5,Male,"32,054","116,364","136,671","151,086","164,132","178,590","188,967","173,396","189,634","195,719","180,299","157,128","151,742","153,738","114,100","96,508","75,143","50,431","27,475","9,459"
2008,5,Female,"30,724","110,886","130,928","143,946","157,838","176,683","185,320","170,296","189,045","195,626","182,418","160,412","155,832","159,369","121,403","108,696","95,710","75,963","54,318","28,130"
2008,6,Male,"30,960","114,659","136,885","151,027","158,499","164,819","175,965","167,805","190,872","199,896","185,633","163,645","158,666","163,317","120,835","101,792","79,237","52,568","28,757","9,964"
2008,6,Female,"30,075","109,452","131,667","144,537","152,611","157,800","174,641","166,188","191,313","201,044","187,901","166,652","163,923","171,016","127,594","112,440","98,322","77,926","55,189","28,797"
2008,7,Male,"29,617","111,440","136,864","152,396","163,928","156,334","159,344","154,969","186,578","200,549","188,963","167,353","163,600","170,612","122,891","104,971","81,251","54,000","28,711","9,842"
2008,7,Female,"27,968","106,262","130,821","145,055","154,152","150,958","155,293","157,733","189,542","204,985","192,538","170,780","169,609","176,976","131,608","115,273","98,954","77,695","55,676","28,968"
2008,8,Male,"29,122","113,039","139,671","154,192","162,994","147,694","151,657","151,440","186,657","202,549","190,260","168,117","164,507","171,700","123,321","104,572","81,106","52,840","28,309","10,040"
2008,8,Female,"27,341","107,649","132,828","146,868","153,728","141,563","147,796","154,865","190,473","207,568","194,035","171,490","170,902","179,147","131,551","114,667","98,772","76,780","53,376","28,060"
2008,9,Male,"28,832","113,865","145,035","161,100","169,077","142,055","137,201","142,649","186,186","206,193","195,046","172,866","166,452","174,715","123,643","105,352","83,009","54,612","28,091","10,009"
2008,9,Female,"27,082","108,389","137,999","153,242","158,323","129,086","132,580","148,894","193,655","212,220","200,568","174,884","173,726","182,508","132,579","116,165","99,182","76,615","52,554","27,143"
2008,10,Male,"26,904","115,549","154,138","170,686","165,854","123,439","111,639","124,871","177,360","206,801","202,044","177,853","168,540","176,301","122,730","105,731","84,150","55,084","28,454","9,998"
2008,10,Female,"25,944","109,857","147,220","162,797","158,112","112,121","108,982","134,589","189,682","219,494","208,281","179,865","175,952","183,454","131,754","117,234","98,833","74,918","49,185","25,179"
2009,1,Male,"46,790","173,705","183,788","185,480","188,122","197,155","207,515","182,739","181,108","180,394","165,196","141,023","125,527","116,259","88,976","76,326","56,956","37,428","19,047","6,641"
2009,1,Female,"44,454","166,642","175,384","176,805","183,679","221,199","222,085","178,846","180,900","180,370","165,687","140,007","121,636","114,983","92,855","87,578","75,335","59,842","40,534","20,513"
2009,2,Male,"42,657","157,108","167,441","171,930","183,061","201,707","220,235","194,891","190,843","188,789","169,323","142,303","123,894","117,029","88,758","76,123","58,213","39,728","21,568","7,454"
2009,2,Female,"40,921","150,710","160,592","164,177","179,815","217,004","230,800","192,831","190,851","190,521","172,336","142,591","124,683","120,372","95,991","88,468","78,022","63,575","44,892","22,478"
2009,3,Male,"38,813","143,156","151,080","158,867","177,228","209,483","229,441","200,836","194,498","192,421","174,337","147,122","131,214","126,748","95,084","81,697","62,465","42,980","23,253","8,188"
2009,3,Female,"37,352","136,026","144,139","151,875","174,436","217,789","229,639","193,518","190,202","190,629","174,915","148,036","132,671","130,721","102,670","93,937","82,619","67,008","48,158","24,787"
2009,4,Male,"35,423","129,785","140,927","151,768","172,651","202,764","213,003","194,358","193,246","195,512","179,605","154,891","141,120","141,650","107,878","89,971","69,344","47,158","25,485","9,086"
2009,4,Female,"33,798","124,693","134,512","145,243","167,076","207,385","211,607","185,336","188,563","192,582","179,723","155,856","143,886","147,174","114,883","100,725","88,545","71,447","51,092","26,456"
2009,5,Male,"32,570","120,546","137,190","150,119","164,871","178,415","189,956","177,453","185,257","195,212","184,822","160,687","149,684","156,921","118,492","98,521","75,893","51,253","27,830","10,118"
2009,5,Female,"30,790","115,547","130,787","143,150","158,224","178,737","188,521","172,447","185,397","195,496","186,978","163,565","154,999","162,153","125,233","110,242","95,142","75,869","54,586","28,758"
2009,6,Male,"31,596","118,453","137,258","150,463","159,450","164,619","176,511","170,312","186,743","199,088","190,483","167,206","156,092","166,427","125,633","104,093","79,939","53,943","29,303","10,674"
2009,6,Female,"29,843","113,613","130,752","143,179","153,394","159,580","175,981","167,254","187,746","200,615","192,884","169,844","162,083","173,614","132,690","114,573","97,874","78,350","56,013","29,509"
2009,7,Male,"28,892","114,445","136,194","151,245","164,654","155,745","159,240","155,213","180,874","199,546","193,334","170,519","160,928","173,178","128,358","107,777","82,423","55,577","29,528","10,587"
2009,7,Female,"27,891","108,754","130,253","143,394","155,127","151,561","156,651","157,347","185,013","203,474","197,619","173,739","166,935","180,064","137,611","117,715","99,487","77,953","56,384","29,776"
2009,8,Male,"28,422","115,151","139,300","153,581","163,750","149,103","151,380","151,276","180,779","201,499","194,894","171,258","161,680","174,769","129,113","107,138","82,742","54,306","29,265","10,749"
2009,8,Female,"27,633","109,110","132,337","145,257","154,368","142,775","148,341","153,665","185,712","206,504","199,387","174,322","168,125","182,400","137,503","117,458","99,227","77,830","54,434","28,867"
2009,9,Male,"28,023","115,664","144,149","159,958","169,919","143,308","136,122","141,038","179,852","204,699","199,726","176,121","163,863","177,029","130,214","108,544","84,336","56,437","29,318","10,776"
2009,9,Female,"26,192","110,030","136,850","151,422","159,212","130,011","132,316","146,397","188,085","211,093","205,921","178,449","170,364","185,548","139,415","119,276","99,939","77,721","54,007","28,005"
2009,10,Male,"25,921","115,582","153,116","169,614","166,995","124,249","109,240","121,641","170,559","203,950","205,345","181,398","166,291","178,789","129,596","108,212","86,088","57,257","29,913","10,706"
2009,10,Female,"24,825","110,379","145,723","161,312","158,983","113,478","107,114","130,774","184,038","215,622","214,341","183,376","172,695","186,977","138,305","120,143","99,997","76,527","51,009","25,990"
2010,1,Male,"46,795","177,842","185,735","183,585","189,325","197,845","208,901","187,671","179,064","180,611","168,522","144,950","125,459","119,191","89,273","76,254","56,823","37,876","19,216","7,168"
2010,1,Female,"44,655","169,537","178,043","175,612","183,709","217,957","223,462","185,330","176,942","179,771","169,808","143,815","121,937","116,938","92,514","86,576","73,707","59,016","39,668","21,506"
2010,2,Male,"43,554","161,835","170,227","170,965","184,024","207,203","223,644","201,316","188,036","188,838","174,209","146,910","124,414","119,790","89,702","76,414","58,309","39,838","21,512","7,964"
2010,2,Female,"41,097","154,913","163,239","164,123","178,287","218,553","235,117","199,870","188,290","190,164","177,180","147,715","124,868","122,656","96,439","88,066","76,746","63,167","44,059","23,630"
2010,3,Male,"39,776","148,089","153,965","157,878","177,569","216,397","233,830","208,755","192,341","191,310","179,248","151,836","131,718","129,167","97,655","81,801","63,173","43,267","23,447","8,923"
2010,3,Female,"38,072","140,791","146,640","151,133","172,756","220,683","234,523","200,988","187,717","190,378","179,522","152,476","133,168","133,131","104,386","93,806","81,960","66,769","47,426","26,258"
2010,4,Male,"36,309","134,091","142,734","150,832","171,429","209,786","215,349","200,154","191,014","193,956","184,594","158,988","140,369","144,690","111,150","90,915","70,167","48,404","25,719","10,011"
2010,4,Female,"34,848","128,883","136,603","143,917","165,594","211,147","214,798","191,953","186,063","191,014","184,112","160,425","143,374","150,043","117,685","101,367","87,765","71,608","50,592","28,206"
2010,5,Male,"33,307","124,366","138,095","149,393","163,675","182,947","191,546","181,765","181,816","192,129","189,263","165,148","148,900","158,812","123,004","99,907","77,034","52,533","28,303","10,925"
2010,5,Female,"31,691","118,759","132,228","142,224","156,353","180,234","190,766","177,618","181,608","193,380","191,232","167,659","154,328","164,238","129,457","111,241","94,855","76,454","54,163","30,579"
2010,6,Male,"31,800","121,984","137,627","149,605","159,188","166,780","176,523","172,560","182,812","196,333","195,305","170,693","155,736","167,800","130,629","105,873","81,161","55,790","29,937","11,737"
2010,6,Female,"30,566","116,681","131,402","142,006","152,252","161,033","176,629","170,572","183,550","198,946","197,363","173,881","160,945","175,087","138,245","115,754","98,152","78,860","55,697","31,525"
2010,7,Male,"29,451","116,803","136,126","150,755","163,835","158,969","158,797","157,217","175,886","195,905","197,845","174,706","159,610","174,728","134,743","109,003","84,471","57,097","30,548","11,575"
2010,7,Female,"28,063","110,987","130,861","142,291","153,185","152,860","156,932","159,653","179,697","200,979","202,109","178,400","165,054","182,097","143,362","119,392","100,017","79,440","55,890","31,928"
2010,8,Male,"29,151","116,710","139,525","152,885","162,710","152,907","150,404","152,029","175,818","198,316","199,431","175,466","160,552","175,905","135,198","109,318","84,364","56,419","30,252","11,883"
2010,8,Female,"27,514","111,251","132,857","144,835","152,695","144,649","148,932","154,547","181,381","203,520","204,507","178,276","166,116","184,119","143,734","119,418","99,524","79,407","54,712","31,060"
2010,9,Male,"28,000","116,945","143,705","158,611","169,775","145,237","135,158","140,535","173,897","200,352","203,911","180,053","162,418","178,125","137,012","110,229","85,956","58,700","30,601","11,731"
2010,9,Female,"26,692","111,024","136,629","149,775","159,750","130,928","132,529","147,065","182,232","208,366","210,639","182,294","168,364","186,935","146,422","121,246","100,876","79,921","54,083","30,021"
2010,10,Male,"26,048","116,210","152,688","168,622","167,677","125,463","108,630","119,737","164,928","198,928","209,023","185,059","164,853","179,385","136,820","109,691","88,095","59,962","31,212","11,592"
2010,10,Female,"24,662","110,742","145,422","160,192","159,343","113,960","107,134","129,738","178,776","211,243","219,015","187,286","170,497","188,709","145,145","121,618","101,593","78,825","51,745","28,046"
2011,1,Male,"47,455","181,375","190,542","180,908","190,983","202,328","210,125","192,219","176,844","181,008","171,044","148,812","126,777","120,890","90,859","74,733","56,892","37,826","19,398","7,486"
2011,1,Female,"45,111","172,192","182,150","173,777","184,621","217,701","224,667","192,081","172,652","180,623","172,354","148,336","124,207","118,360","93,513","84,525","72,861","58,134","38,488","22,495"
2011,2,Male,"43,664","165,874","175,531","169,034","183,203","216,833","228,492","209,308","185,813","188,803","177,624","151,691","126,612","121,200","92,066","75,545","58,372","39,979","21,764","8,394"
2011,2,Female,"41,981","158,196","167,132","162,865","177,557","224,130","237,889","207,721","185,190","190,409","180,823","153,541","127,709","123,764","98,781","86,628","75,512","62,911","42,915","25,040"
2011,3,Male,"40,805","151,143","159,277","155,470","176,067","225,944","239,120","217,936","190,485","191,246","182,309","156,660","133,205","130,995","101,220","80,923","63,635","44,192","23,703","9,438"
2011,3,Female,"38,949","144,835","151,400","149,055","170,492","227,294","238,204","208,729","184,293","190,190","183,465","157,854","134,916","134,735","107,937","92,267","81,000","66,583","46,243","27,677"
2011,4,Male,"37,139","137,735","146,283","148,612","168,803","216,908","219,244","207,367","187,537","192,807","188,637","163,561","142,098","145,711","116,132","90,799","70,832","49,209","26,219","10,696"
2011,4,Female,"35,315","131,941","140,679","141,600","163,881","215,455","217,492","199,415","181,252","190,820","187,991","165,474","144,852","151,140","122,422","101,079","87,051","72,243","49,689","29,942"
2011,5,Male,"33,202","127,036","140,959","146,817","162,039","189,552","194,661","187,382","177,184","190,517","191,381","170,198","149,937","159,644","128,779","99,697","78,391","53,871","28,941","11,769"
2011,5,Female,"31,911","121,418","134,989","139,973","154,484","184,775","192,231","182,506","176,067","193,012","194,170","172,698","155,425","164,918","135,750","110,188","94,851","77,202","53,104","32,564"
2011,6,Male,"32,584","124,546","139,922","147,674","158,284","169,896","178,257","177,126","177,637","194,506","197,589","175,620","156,630","168,179","137,282","105,747","82,811","57,452","30,504","12,795"
2011,6,Female,"30,780","118,994","133,898","140,361","151,071","162,848","177,460","176,026","176,657","197,842","201,165","178,549","162,059","175,655","145,445","115,379","98,857","80,175","55,059","33,924"
2011,7,Male,"29,723","117,245","138,284","148,370","162,156","162,726","159,444","160,400","168,692","193,652","200,111","179,309","160,316","174,327","142,407","108,378","86,273","59,006","31,478","12,625"
2011,7,Female,"28,035","111,985","132,013","140,564","151,870","154,059","156,928","162,863","172,706","199,100","204,664","183,507","165,497","182,455","150,883","119,190","100,801","80,756","54,814","34,156"
2011,8,Male,"29,121","117,867","141,174","150,876","162,007","156,444","151,833","154,046","169,002","195,841","201,604","180,509","160,805","175,373","143,270","109,060","86,000","59,306","31,161","12,856"
2011,8,Female,"28,093","112,574","134,433","143,194","151,431","146,205","148,769","157,834","174,227","202,078","207,588","183,291","166,021","184,156","151,767","119,364","101,045","80,822","54,369","33,548"
2011,9,Male,"28,048","117,187","145,298","155,991","169,388","148,174","135,444","141,607","165,842","197,575","205,819","184,062","162,941","177,376","145,180","109,800","87,964","60,710","32,161","12,916"
2011,9,Female,"26,677","111,088","137,853","147,372","159,365","132,629","131,682","148,018","173,966","206,466","213,036","187,799","168,065","186,954","154,652","121,275","101,999","81,674","54,040","32,662"
2011,10,Male,"26,151","115,818","153,229","166,514","168,131","126,743","109,304","117,891","156,621","195,963","209,982","188,566","165,463","178,303","145,418","108,896","89,957","62,641","32,777","12,828"
2011,10,Female,"24,358","110,595","145,089","158,384","158,437","115,617","105,981","128,675","169,705","209,025","220,720","192,542","169,966","188,156","153,857","121,078","103,227","81,155","52,077","30,603"
2012,1,Male,"48,764","184,375","197,300","178,251","188,636","205,289","210,124","197,068","174,081","179,611","173,062","153,321","129,439","117,615","97,319","73,913","57,265","38,086","19,516","8,006"
2012,1,Female,"46,944","175,281","188,546","170,557","181,792","216,142","225,910","199,587","169,143","179,697","173,932","153,056","127,513","115,306","99,411","83,267","72,387","57,771","37,633","23,253"
2012,2,Male,"45,639","169,236","182,504","166,371","181,700","217,980","229,696","215,200","183,600","187,952","180,159","157,096","129,878","117,665","98,992","75,373","58,993","40,390","21,753","9,142"
2012,2,Female,"43,579","161,496","173,316","160,168","175,905","224,192","239,087","214,916","182,036","189,832","183,672","159,206","131,389","119,943","105,634","85,976","74,971","62,323","41,922","25,932"
2012,3,Male,"42,531","155,032","165,553","153,403","174,330","226,498","239,798","224,800","187,692","190,176","184,553","162,142","136,098","126,390","110,109","80,741","64,662","44,841","24,064","10,200"
2012,3,Female,"40,118","148,275","157,660","146,358","168,191","228,378","239,368","216,539","180,853","189,252","185,792","162,967","138,197","130,362","116,218","91,904","80,960","66,747","45,375","28,874"
2012,4,Male,"38,464","141,466","152,143","145,728","168,052","219,037","219,149","212,241","184,193","192,140","190,138","168,807","144,693","139,546","126,258","91,649","72,050","50,083","26,775","11,528"
2012,4,Female,"36,698","135,346","146,240","138,982","161,132","217,720","217,573","205,613","177,339","189,892","189,542","170,560","147,977","145,108","132,245","102,056","87,412","72,446","48,915","31,381"
2012,5,Male,"34,279","129,854","145,835","143,140","161,302","191,806","194,172","191,283","172,844","188,637","193,087","175,279","152,474","151,945","140,685","100,796","79,892","55,344","29,680","12,584"
2012,5,Female,"32,818","124,539","139,112","137,095","153,007","185,406","192,297","187,427","170,796","191,733","195,751","177,908","157,750","157,629","147,981","111,435","95,465","77,815","52,311","33,750"
2012,6,Male,"32,621","127,451","144,457","144,681","157,422","171,367","178,138","179,998","172,062","191,987","199,198","180,706","159,045","159,541","149,848","107,317","84,938","59,189","31,240","13,895"
2012,6,Female,"31,218","121,465","138,355","137,513","148,737","162,701","177,330","180,682","171,847","195,574","203,018","183,741","164,439","167,359","158,868","117,108","100,060","81,115","54,935","35,506"
2012,7,Male,"30,325","119,264","141,877","144,914","160,594","164,212","159,120","162,682","162,749","190,474","201,260","183,880","163,119","164,390","156,375","110,097","88,326","61,008","32,310","13,647"
2012,7,Female,"28,715","113,878","135,178","137,715","149,414","155,422","156,584","165,877","166,807","195,984","206,371","188,123","167,767","173,091","165,166","121,089","102,767","82,160","54,542","35,786"
2012,8,Male,"30,086","119,283","144,563","148,105","160,025","158,157","151,019","155,299","162,366","192,859","202,611","185,308","162,749","165,287","157,702","110,906","88,394","61,208","32,331","14,072"
2012,8,Female,"28,081","114,298","137,826","139,688","149,652","146,983","149,339","160,001","167,773","199,621","209,107","188,857","167,498","174,128","167,171","121,588","102,937","82,202","54,208","35,307"
2012,9,Male,"28,313","117,913","148,347","152,463","167,955","150,808","135,464","142,372","158,069","194,485","206,023","189,303","164,919","166,463","160,484","111,246","90,593","62,990","33,487","14,072"
2012,9,Female,"26,927","111,629","141,004","144,363","156,771","134,397","131,246","149,339","166,939","203,882","213,927","192,724","169,890","176,676","170,503","123,072","104,358","83,380","54,524","34,507"
2012,10,Male,"25,757","116,263","155,911","162,781","165,604","128,241","108,909","117,073","149,557","193,047","209,307","192,591","167,441","167,338","160,836","110,512","91,913","65,120","34,291","14,102"
2012,10,Female,"24,564","110,571","147,855","155,595","156,085","116,815","105,254","129,220","162,607","205,881","221,098","197,946","171,394","177,112","170,252","122,388","105,747","83,204","52,613","32,537"
2013,1,Male,"47,434","186,732","205,061","178,119","185,404","203,610","210,847","201,945","173,188","177,876","174,480","157,159","132,690","116,362","101,347","73,585","58,058","38,224","19,554","8,286"
2013,1,Female,"45,198","178,990","195,705","170,632","178,035","212,825","227,995","206,757","167,957","178,105","174,850","157,228","131,117","114,523","102,538","82,682","72,739","56,619","36,845","23,172"
2013,2,Male,"44,546","172,888","189,943","165,770","179,032","217,976","231,015","221,513","184,023","186,325","182,190","161,635","133,689","116,620","103,301","75,773","60,070","40,819","21,496","9,359"
2013,2,Female,"42,361","164,855","181,355","159,081","172,593","222,554","241,483","222,500","181,171","188,041","186,028","164,957","135,381","119,108","109,329","86,333","75,415","61,490","41,083","25,890"
2013,3,Male,"41,691","158,595","172,797","152,497","171,867","224,981","241,237","231,521","187,788","189,099","186,477","167,062","139,337","125,175","115,214","81,808","66,048","44,920","24,271","10,796"
2013,3,Female,"39,152","151,050","164,553","145,591","164,953","225,953","240,422","223,994","179,992","187,564","187,246","168,409","142,348","128,649","121,288","92,872","81,831","66,171","44,828","29,163"
2013,4,Male,"37,278","144,564","158,802","144,110","164,762","217,678","220,809","216,776","183,052","190,488","190,841","173,606","148,082","137,207","131,488","93,828","74,002","51,006","27,216","12,020"
2013,4,Female,"35,534","137,883","152,279","137,497","158,902","215,169","218,731","210,478","176,015","187,653","190,598","175,326","151,436","142,065","138,565","103,886","88,694","72,126","48,516","31,755"
2013,5,Male,"33,944","132,521","150,937","140,964","160,640","191,446","195,662","195,420","170,273","186,820","192,387","180,055","155,501","148,206","147,118","103,785","82,206","56,230","30,295","13,339"
2013,5,Female,"32,146","126,765","144,361","135,100","152,148","184,191","192,658","192,159","168,106","188,089","196,302","182,789","160,471","154,872","154,522","114,125","97,216","78,048","51,905","34,399"
2013,6,Male,"32,324","129,468","149,492","142,347","156,686","170,866","179,954","182,958","168,959","189,674","198,961","185,490","162,137","155,252","156,642","110,857","88,078","60,367","32,366","14,459"
2013,6,Female,"30,386","122,716","143,030","135,330","147,896","161,547","177,432","183,732","168,080","192,348","203,686","188,965","166,995","162,603","166,419","121,059","101,942","81,833","54,550","36,629"
2013,7,Male,"29,213","120,629","146,086","142,504","160,071","164,937","160,373","164,830","158,762","187,642","200,176","188,718","164,983","159,580","163,721","113,864","91,162","62,443","33,422","14,247"
2013,7,Female,"27,708","115,089","138,706","135,788","149,090","153,894","157,198","168,248","163,021","192,577","206,152","192,518","170,395","168,188","172,977","125,105","105,008","82,908","54,677","36,435"
2013,8,Male,"28,904","121,036","148,798","145,946","158,788","158,608","153,021","157,229","158,210","189,077","202,361","189,529","165,329","160,119","164,582","114,909","91,154","62,920","33,340","14,953"
2013,8,Female,"27,305","115,648","141,480","137,697","148,785","146,756","150,246","162,471","163,415","195,682","209,029","194,072","170,338","168,280","174,925","126,031","105,464","83,164","54,442","36,417"
2013,9,Male,"27,111","118,844","151,360","150,959","167,085","150,859","137,505","143,150","152,654","191,126","204,941","193,007","168,069","160,799","167,822","115,703","93,574","64,860","34,391","14,742"
2013,9,Female,"25,890","112,718","143,897","142,405","155,808","134,731","132,299","150,566","162,261","200,303","213,023","198,000","172,572","170,470","179,074","127,757","107,535","84,257","55,210","35,634"
2013,10,Male,"24,846","116,252","158,708","160,509","166,329","128,401","110,201","116,415","144,526","189,465","206,885","196,568","169,766","160,684","168,445","114,811","94,577","67,344","35,559","15,115"
2013,10,Female,"23,560","110,356","150,569","153,547","155,878","116,756","106,244","129,363","157,721","201,939","219,161","202,420","173,588","171,009","178,482","127,001","108,701","84,516","53,488","33,603"
2014,1,Male,"46,544","189,018","211,767","179,177","184,108","203,996","212,708","205,387","175,331","175,079","175,498","161,646","136,144","117,130","103,799","74,257","58,631","38,292","19,858","8,713"
2014,1,Female,"44,406","180,711","202,181","172,065","177,141","210,825","229,214","211,607","171,248","174,451","176,499","162,061","134,754","115,124","105,258","82,309","72,828","56,054","36,599","23,641"
2014,2,Male,"43,369","175,264","197,011","166,407","178,062","216,428","232,443","225,241","187,808","183,489","183,800","166,234","138,010","117,484","106,012","76,878","61,313","41,068","21,996","9,949"
2014,2,Female,"41,220","167,111","188,107","159,975","170,449","219,451","243,029","226,549","185,047","184,655","187,340","170,100","139,758","119,924","112,003","86,902","76,220","60,789","40,874","26,783"
2014,3,Male,"40,710","161,493","178,677","153,112","171,023","226,470","243,535","235,060","192,752","186,707","187,078","172,555","143,922","125,321","118,105","84,113","67,391","45,385","24,875","11,459"
2014,3,Female,"38,639","153,034","170,541","145,599","164,050","225,910","241,617","226,953","183,780","183,940","188,596","173,744","146,401","128,493","124,536","94,819","82,902","65,489","44,957","29,969"
2014,4,Male,"36,525","146,675","164,515","144,526","163,784","218,092","223,201","219,624","186,363","187,683","191,097","178,721","151,945","136,801","134,346","97,185","75,982","51,848","28,165","12,690"
2014,4,Female,"34,650","139,950","157,302","137,879","159,170","214,399","220,227","212,760","178,616","183,603","191,552","180,320","155,233","141,856","141,899","106,791","90,338","71,806","48,722","32,848"
2014,5,Male,"32,588","134,574","155,059","140,882","158,305","192,342","198,788","196,697","172,602","182,598","191,603","184,860","159,526","146,378","149,978","108,276","84,427","57,530","31,290","14,056"
2014,5,Female,"31,517","128,542","148,441","134,522","150,653","183,334","194,025","192,922","170,138","183,122","196,235","187,763","164,057","154,274","157,516","118,146","99,178","78,452","52,347","35,392"
2014,6,Male,"31,612","130,636","153,756","141,031","155,719","171,655","181,248","183,438","169,864","185,280","198,002","190,716","166,014","152,808","159,856","116,174","90,715","61,543","33,715","15,425"
2014,6,Female,"30,024","123,997","146,325","135,028","145,933","161,087","178,529","184,070","168,612","188,170","202,782","194,435","170,662","161,042","169,484","126,367","104,532","81,984","55,606","37,948"
2014,7,Male,"29,003","122,362","149,201","141,730","158,707","166,629","162,266","164,894","158,785","183,003","198,892","193,263","168,432","157,094","166,541","119,361","94,169","64,033","34,749","15,224"
2014,7,Female,"27,351","116,363","142,171","135,101","147,427","154,419","158,935","168,449","162,830","187,745","204,634","198,393","173,390","166,025","176,008","131,321","107,786","83,506","55,362","37,917"
2014,8,Male,"28,525","122,004","151,438","145,042","158,351","159,963","154,922","156,853","157,570","184,222","201,167","194,228","168,375","157,254","167,646","120,673","94,262","64,652","35,015","15,828"
2014,8,Female,"26,942","116,193","144,317","137,305","147,763","146,772","151,268","161,749","162,946","190,907","208,007","199,501","173,409","166,080","178,064","132,041","108,381","84,331","55,875","37,935"
2014,9,Male,"26,943","119,140","153,881","149,870","165,486","151,694","139,881","141,887","151,325","185,563","203,482","197,417","170,995","158,148","169,866","122,427","96,438","66,875","35,911","15,873"
2014,9,Female,"25,783","113,162","145,854","141,462","154,996","135,008","133,175","149,696","161,367","194,942","211,590","203,219","175,986","167,520","182,293","134,679","110,586","85,451","56,340","37,242"
2014,10,Male,"24,501","116,254","159,844","159,720","165,220","130,091","112,207","115,230","142,373","184,806","204,600","200,202","172,782","157,670","170,441","121,237","97,035","69,354","37,425","16,348"
2014,10,Female,"23,331","110,291","151,977","152,622","154,607","117,852","107,164","128,143","156,647","197,439","215,909","207,910","176,786","167,505","181,810","133,456","111,844","85,919","55,430","35,165"
2015,1,Male,"46,598","190,337","218,237","183,009","185,277","202,770","215,853","209,291","180,683","173,112","176,188","165,459","140,900","117,915","106,529","74,898","58,526","38,362","20,354","8,970"
2015,1,Female,"44,117","181,901","207,858","175,786","176,976","208,999","231,895","215,109","178,730","171,478","177,090","166,641","139,657","116,222","107,653","82,148","72,566","55,135","36,135","23,463"
2015,2,Male,"43,262","175,892","203,653","170,105","178,366","216,899","235,588","229,557","194,626","181,978","184,870","171,152","143,430","118,719","108,938","77,675","61,727","41,234","22,271","10,165"
2015,2,Female,"40,794","167,493","193,633","162,951","170,302","218,710","245,769","230,776","191,300","181,945","187,837","175,573","145,533","121,070","114,637","87,667","76,166","59,900","40,783","26,424"
2015,3,Male,"40,514","162,797","184,715","155,568","170,174","226,405","246,620","238,604","199,162","184,678","187,471","176,710","149,117","126,013","120,574","86,689","67,801","46,162","25,349","11,652"
2015,3,Female,"38,020","154,239","176,279","147,960","163,136","225,768","243,851","229,396","190,966","181,112","188,574","178,573","151,727","129,450","127,378","96,866","82,886","65,033","44,842","29,748"
2015,4,Male,"36,387","147,181","169,354","145,786","164,546","216,866","226,008","221,397","192,028","184,767","190,132","183,946","156,546","136,793","137,193","100,470","76,923","52,497","28,981","13,068"
2015,4,Female,"34,535","140,208","161,926","139,301","158,476","213,243","220,722","213,600","183,484","180,714","190,578","185,513","160,347","141,674","144,848","110,231","91,150","71,457","48,922","32,740"
2015,5,Male,"33,075","134,441","159,420","141,742","157,011","192,620","201,029","198,270","177,025","178,961","190,302","188,875","164,273","145,861","152,244","112,579","85,679","58,183","32,289","14,404"
2015,5,Female,"31,667","128,814","152,853","135,951","149,725","183,064","194,930","194,069","174,097","179,602","194,426","192,668","168,802","153,792","160,151","122,515","100,132","78,385","52,827","35,175"
2015,6,Male,"31,584","131,217","158,157","141,671","153,886","171,003","184,378","183,955","173,001","181,644","195,751","196,022","170,250","152,805","161,401","120,725","92,541","63,037","34,819","15,893"
2015,6,Female,"30,065","124,388","150,431","135,768","144,759","160,461","179,510","184,237","171,718","184,220","200,896","199,891","174,970","160,639","171,589","131,334","105,748","82,370","56,007","37,798"
2015,7,Male,"29,189","122,423","152,071","141,752","156,571","166,359","164,747","165,507","161,340","178,773","196,499","198,097","172,596","155,915","168,049","125,195","95,537","65,615","35,731","15,804"
2015,7,Female,"27,774","116,069","145,435","135,386","145,879","153,456","160,140","167,912","165,494","182,560","202,695","203,292","178,481","164,559","178,221","136,644","109,264","84,125","56,046","37,961"
2015,8,Male,"28,253","121,843","154,861","145,997","156,491","159,028","157,050","156,766","159,113","180,311","198,860","198,086","173,060","155,705","168,732","126,550","96,005","66,366","36,243","16,394"
2015,8,Female,"27,427","116,358","147,648","137,744","145,882","144,910","151,978","161,419","165,005","186,613","205,050","204,777","177,109","164,402","180,484","138,303","109,910","84,525","57,393","38,114"
2015,9,Male,"26,940","118,927","156,606","150,027","163,827","151,459","142,015","140,713","152,135","180,688","200,722","201,501","175,110","156,780","170,552","128,654","98,082","68,936","37,323","16,673"
2015,9,Female,"25,407","113,000","148,625","141,826","153,670","134,659","134,325","147,963","162,736","190,279","208,600","208,312","179,850","165,414","183,867","141,429","112,449","86,432","57,844","37,438"
2015,10,Male,"24,427","115,101","161,831","159,580","164,365","129,059","114,092","113,823","141,529","180,228","201,012","203,530","176,379","156,176","170,572","127,803","98,069","71,189","39,003","17,322"
2015,10,Female,"22,942","109,074","153,870","152,385","153,970","116,519","107,468","125,664","156,746","192,791","211,807","212,382","180,185","164,817","183,523","140,245","113,067","87,357","57,159","35,762"
2016,1,Male,"46,412","190,301","224,329","189,921","183,865","201,952","221,892","213,895","186,490","171,088","177,695","168,716","144,882","120,146","108,862","76,716","57,577","38,997","20,756","9,168"
2016,1,Female,"44,465","181,604","212,755","182,012","175,758","205,300","235,320","219,348","185,194","168,645","178,900","169,992","144,494","118,895","109,383","83,278","71,131","54,970","36,214","23,375"
2016,2,Male,"43,374","175,768","208,627","175,850","177,812","217,621","240,968","234,047","201,615","179,896","186,224","174,736","148,905","121,412","110,827","80,291","61,026","41,690","22,780","10,503"
2016,2,Female,"41,199","166,851","198,021","168,321","169,265","217,008","247,658","233,904","197,799","178,426","188,792","179,707","151,060","124,207","116,394","89,983","74,942","59,348","40,870","26,823"
2016,3,Male,"40,827","162,594","188,793","160,629","169,387","226,079","251,493","242,586","206,456","181,744","189,422","180,106","154,427","127,889","122,476","89,943","67,531","46,761","26,206","12,142"
2016,3,Female,"38,188","153,885","180,318","152,381","162,438","222,692","245,734","231,636","196,840","178,069","188,747","182,681","156,856","131,960","128,889","100,285","81,944","64,900","44,960","30,226"
2016,4,Male,"36,783","146,370","173,095","149,961","162,513","217,368","229,905","223,171","197,766","180,434","190,254","187,726","161,711","138,734","138,258","104,928","76,938","53,249","29,920","13,514"
2016,4,Female,"34,917","139,338","165,813","142,561","156,694","212,728","222,021","214,306","188,902","176,694","190,740","189,033","165,586","143,457","145,842","114,896","90,551","71,322","49,841","33,070"
2016,5,Male,"33,527","133,839","163,013","144,780","155,285","191,311","205,030","199,323","181,774","174,279","189,980","191,393","169,829","147,078","152,933","118,587","85,732","59,541","33,355","15,134"
2016,5,Female,"31,730","128,464","156,318","138,756","148,432","180,952","196,360","193,830","178,650","174,610","193,823","196,084","173,734","154,981","161,545","128,485","99,459","78,936","53,562","35,731"
2016,6,Male,"32,011","130,298","161,827","144,720","151,277","170,134","186,625","185,071","176,537","175,924","194,681","199,099","175,507","153,861","162,234","127,245","92,085","64,679","36,022","16,871"
2016,6,Female,"30,636","123,673","153,569","138,360","142,462","157,146","180,639","183,707","175,868","177,823","199,833","203,726","179,919","161,621","172,308","138,152","105,304","83,252","56,976","38,469"
2016,7,Male,"29,373","122,075","155,285","144,460","154,019","165,125","168,880","165,892","165,279","172,641","194,992","201,065","177,092","156,985","167,715","132,906","95,498","67,212","37,167","16,797"
2016,7,Female,"28,084","115,959","148,898","137,500","144,484","151,401","161,718","167,443","169,061","176,235","201,489","206,274","183,611","164,726","178,877","144,121","109,380","85,149","57,153","38,456"
2016,8,Male,"28,914","121,265","157,877","148,247","154,569","156,953","159,385","157,089","161,841","173,424","197,662","200,493","178,444","156,496","167,825","134,258","96,102","68,115","38,277","17,191"
2016,8,Female,"27,572","116,107","149,974","140,382","144,448","141,614","153,681","160,186","167,741","179,406","203,639","208,586","182,285","164,768","180,895","146,066","110,105","86,311","58,319","38,930"
2016,9,Male,"27,251","118,165","158,657","152,663","160,874","149,055","144,525","140,469","153,941","173,558","199,408","203,633","179,340","157,360","169,995","136,550","97,918","70,942","38,534","17,669"
2016,9,Female,"25,932","112,142","151,151","144,034","150,888","131,992","135,951","146,670","165,075","183,125","207,037","211,226","184,908","165,235","184,097","149,851","112,734","87,739","59,320","38,573"
2016,10,Male,"24,726","113,766","164,180","161,190","162,198","128,493","115,513","113,354","142,147","173,439","199,506","204,616","180,282","156,644","169,453","136,021","97,425","73,033","40,998","18,392"
2016,10,Female,"23,182","107,479","155,766","153,526","152,742","115,032","108,289","123,696","158,035","185,806","210,255","214,203","184,788","164,518","183,247","148,727","112,664","89,213","59,016","36,812"
